player.name,shots,goals,xg,conversion_rate,gax
Gonzalo Gerardo Higuaín,182,36,25.025725227,0.1978021978021978,10.974274773000001
Mohamed Salah,73,14,8.5013707905,0.1917808219178082,5.498629209500001
Paulo Bruno Exequiel Dybala,106,19,14.793143195599999,0.1792452830188679,4.206856804400001
Jesús Joaquín Fernández Sáez de la Torre,39,6,2.0308360785,0.15384615384615385,3.9691639215
Miralem Pjanić,68,10,6.0585645779,0.14705882352941177,3.9414354220999996
Massimo Maccarone,82,13,9.149742061,0.15853658536585366,3.8502579390000005
Alessandro Florenzi,48,7,3.2580288607,0.14583333333333334,3.7419711393
Mauro Emanuel Icardi Rivero,59,16,12.35927706,0.2711864406779661,3.64072294
Josip Iličić,74,13,9.3869994946,0.17567567567567569,3.6130005054000005
Emanuele Giaccherini,46,7,3.5270662293,0.15217391304347827,3.4729337707
Eder Citadin Martins,80,13,9.677482712,0.1625,3.3225172880000002
Roberto Soriano,54,8,4.69454265,0.14814814814814814,3.30545735
Leonardo Pavoletti,67,14,10.730603229,0.208955223880597,3.2693967710000003
Federico Dionisi,86,9,5.98825597,0.10465116279069768,3.01174403
Gonzalo Javier Rodríguez,11,4,1.1451988257,0.36363636363636365,2.8548011743
Lorenzo Insigne,135,12,9.2089978961,0.08888888888888889,2.7910021039000004
Carlos Arturo Bacca Ahumada,81,18,15.406710912,0.2222222222222222,2.5932890880000006
Simone Pepe,20,3,0.7162109124,0.15,2.2837890875999998
Lucas Digne,16,3,0.7787891289000001,0.1875,2.2212108711
Riccardo Meggiorini,39,5,2.7877694912,0.1282051282051282,2.2122305088
Matteo Politano,43,5,2.802093611,0.11627906976744186,2.197906389
Radja Nainggolan,66,6,3.8490371977,0.09090909090909091,2.1509628023
Sergio Floccari,46,6,3.896947382,0.13043478260869565,2.103052618
Ervin Zukanović,11,3,0.921250412,0.2727272727272727,2.078749588
Simone Zaza,31,5,2.938663748,0.16129032258064516,2.061336252
Felipe Anderson Pereira Gomes,50,7,4.9969658283,0.14,2.0030341717000004
Mario Mandžukić,40,10,8.0095923645,0.25,1.9904076355000004
Eros Pisano,23,5,3.04034463,0.21739130434782608,1.9596553700000001
Alberto Gilardino,49,10,8.12197113,0.20408163265306123,1.8780288699999996
Alessandro Matri,12,4,2.1338127890000003,0.3333333333333333,1.8661872109999997
Stephan El Shaarawy,46,8,6.140188139,0.17391304347826086,1.8598118609999998
Marco Borriello,55,8,6.179390561,0.14545454545454545,1.820609439
Nicola Rigoni,30,3,1.1893362715,0.1,1.8106637285
Luca Rossettini,14,3,1.241526701,0.21428571428571427,1.758473299
Francesco Totti,22,5,3.312910072,0.22727272727272727,1.6870899279999998
Mario Lemina,5,2,0.3421041933,0.4,1.6578958067
Tomás Eduardo Rincón Hernández,27,3,1.369020035,0.1111111111111111,1.630979965
Paolo Sammarco,22,4,2.3766764425,0.18181818181818182,1.6233235575
Lucas Rodrigo Biglia,18,4,2.383056299,0.2222222222222222,1.6169437009999998
Federico Viviani,32,3,1.4031372009,0.09375,1.5968627991
Dries Mertens,55,5,3.4048807634,0.09090909090909091,1.5951192366
Cesare Bovo,10,2,0.4141189996,0.2,1.5858810004000001
Senad Lulić,19,3,1.425005132,0.15789473684210525,1.574994868
Gervais Lombe Yao Kouassi,27,6,4.445208955,0.2222222222222222,1.554791045
Francesco Acerbi,14,4,2.474009047,0.2857142857142857,1.525990953
Giancarlo González Castro,4,2,0.500923102,0.5,1.499076898
Lorenzo Pasciuti,6,2,0.508099966,0.3333333333333333,1.491900034
Bruno da Silva Peres,40,3,1.5192303614,0.075,1.4807696386
Fernando Lucas Martins,48,4,2.5662533386,0.08333333333333333,1.4337466613999998
Luca Antonelli,19,3,1.591475649,0.15789473684210525,1.408524351
Juan Guillermo Cuadrado Bello,36,4,2.5997312275,0.1111111111111111,1.4002687725
Filip Helander,6,2,0.618167146,0.3333333333333333,1.381832854
Oscar Hiljemark,26,4,2.648434231,0.15384615384615385,1.351565769
Nicola Sansone,63,7,5.6703784388,0.1111111111111111,1.3296215611999997
Ricardo Kishna,9,2,0.706971894,0.2222222222222222,1.293028106
Sami Khedira,22,5,3.7258493400000003,0.22727272727272727,1.2741506599999997
Manolo Gabbiadini,30,5,3.752757466,0.16666666666666666,1.2472425340000002
Blerim Džemaili,37,3,1.7617918192,0.08108108108108109,1.2382081808
Alex Rodrigo Dias da Costa,23,3,1.795519042,0.13043478260869565,1.204480958
Miroslav Klose,30,7,5.8013328390000005,0.23333333333333334,1.1986671609999995
Danilo D''Ambrosio,8,2,0.809300664,0.25,1.190699336
Lorenzo Tonelli,7,2,0.8134806994,0.2857142857142857,1.1865193006
Godfred Donsah,16,2,0.8245611415,0.125,1.1754388585
Leonardo Blanchard,21,3,1.882780578,0.14285714285714285,1.117219422
Sergio Pellissier,22,5,3.8941617017,0.22727272727272727,1.1058382983000001
Daniele Baselli,33,4,2.9188029,0.12121212121212122,1.0811970999999998
Afriyie Acquah,24,2,0.9222500709,0.08333333333333333,1.0777499291
Artur Ioniţă,40,4,2.9255698174,0.1,1.0744301826
Jakub Błaszczykowski,8,2,0.930137884,0.25,1.069862116
Alex Sandro Lobo Silva,18,2,0.9510029769999999,0.1111111111111111,1.048997023
Alejandro Darío Gómez,87,7,5.957725376,0.08045977011494253,1.042274624
Leandro Daniel Paredes,53,2,1.0165964138,0.03773584905660377,0.9834035861999999
Franco Brienza,41,3,2.050330163,0.07317073170731707,0.9496698370000001
Edoardo Goldaniga,6,2,1.0524706536,0.3333333333333333,0.9475293464000001
Alessandro Frara,12,2,1.0560061570000001,0.16666666666666666,0.9439938429999999
Kevin Lasagna,42,5,4.0622018648000005,0.11904761904761904,0.9377981351999995
Marco D''Alessandro,14,3,2.07929512,0.21428571428571427,0.9207048800000002
Daniel Ciofani,77,9,8.09238121,0.11688311688311688,0.9076187900000008
Gennaro Sardo,2,1,0.097306652,0.5,0.902693348
Samir Caetano de Souza Santos,2,1,0.09987537499999999,0.5,0.900124625
Simone Verdi,14,3,2.104500256,0.21428571428571427,0.8954997439999999
Borja Valero Iglesias,36,4,3.108322073,0.1111111111111111,0.8916779269999999
Gregoire Defrel,52,7,6.111243991,0.1346153846153846,0.8887560089999997
Cristian Eduardo Zapata Valencia,3,1,0.118818167,0.3333333333333333,0.881181833
Adriano Russo,1,1,0.1262766,1.0,0.8737234
Facundo Sebastián Roncaglia,11,1,0.131787297,0.09090909090909091,0.868212703
Diogo José Rosário Gomes Figueiras,5,1,0.139537848,0.2,0.860462152
Panagiotis Tachtsidis,20,2,1.151873505,0.1,0.848126495
Leonardo Bonucci,26,3,2.1582018230999997,0.11538461538461539,0.8417981769000003
Marcel Büchel,36,2,1.162965537,0.05555555555555555,0.837034463
Khouma El Hadji Babacar,30,5,4.185031439,0.16666666666666666,0.8149685609999997
Duván Esteban Zapata Banguera,52,8,7.1959504525,0.15384615384615385,0.8040495475
Abdelhamid El Kaoutari,1,1,0.19812727,1.0,0.80187273
Stipe Perica,16,2,1.199723808,0.125,0.8002761920000001
Anthony Mounier,21,4,3.22623869,0.19047619047619047,0.7737613099999998
Ignazio Abate,4,1,0.230170924,0.25,0.769829076
Stefano Sabelli,4,1,0.233262658,0.25,0.766737342
Joel Chukwuma Obi,3,1,0.25885263000000003,0.3333333333333333,0.74114737
Joan Verdú Fernández,4,1,0.264561918,0.25,0.7354380819999999
Dávid Ivan,5,1,0.286417325,0.2,0.713582675
Mauricio Ricardo Pinilla Ferreira,43,5,4.3027467755,0.11627906976744186,0.6972532244999998
Philippe Mexès,5,1,0.3052313526,0.2,0.6947686474
Vincent Laurini,3,1,0.31070292299999996,0.3333333333333333,0.689297077
Umar Sadiq Mesbah,4,2,1.31647469,0.5,0.68352531
Simone Padoin,4,1,0.31715565700000004,0.25,0.682844343
Nicolò Cherubin,4,1,0.31824386000000005,0.25,0.68175614
Pontus Jansson,6,1,0.319053936,0.16666666666666666,0.680946064
Lazaros Christodoulopoulos,6,1,0.334652286,0.16666666666666666,0.6653477139999999
Valter Birsa,54,6,5.343415741,0.1111111111111111,0.6565842589999997
Dario Dainelli,2,1,0.350832616,0.5,0.6491673840000001
Iago Falqué Silva,16,2,1.3774634706,0.125,0.6225365294
Konstantinos Manolas,17,2,1.3819564685999999,0.11764705882352941,0.6180435314000001
Milan Biševac,2,1,0.38850473999999996,0.5,0.6114952600000001
Gabriel Alejandro Paletta,9,1,0.3983349202,0.1111111111111111,0.6016650798000001
Allan Marques Loureiro,29,3,2.406871817,0.10344827586206896,0.5931281830000001
Stefano Mauri,6,1,0.420994995,0.16666666666666666,0.579005005
Gary Alexis Medel Soto,12,1,0.435118832,0.08333333333333333,0.564881168
Marcelo Brozović,56,4,3.444159743,0.07142857142857142,0.5558402569999998
Arlind Afrim Ajeti,9,1,0.45860472329999996,0.1111111111111111,0.5413952767000001
Serge Gakpé,23,3,2.4609485478,0.13043478260869565,0.5390514521999998
Rafael Tolói,10,1,0.46447922669999997,0.1,0.5355207733
Ali Adnan Kadhim Al Tameemi,23,1,0.4718176303,0.043478260869565216,0.5281823697
Giuseppe Vives,16,1,0.4832544842,0.0625,0.5167455158
Francesco Magnanelli,18,1,0.4853713914,0.05555555555555555,0.5146286086
Vangelis Moras,8,1,0.504723705,0.125,0.49527629500000003
Patrice Evra,17,2,1.512994832,0.11764705882352941,0.48700516800000004
Luis Fernando Muriel Fruto,56,6,5.51849099,0.10714285714285714,0.4815090099999999
Vlad Iulian Chiricheș,5,1,0.525131961,0.2,0.47486803899999996
Leandro Greco,11,1,0.527290067,0.09090909090909091,0.47270993299999997
Uroš Đurđević,9,2,1.553650228,0.2222222222222222,0.44634977200000003
Adam Masina,13,2,1.573150089,0.15384615384615385,0.4268499109999999
Antonio Rüdiger,18,2,1.5747830846000002,0.1111111111111111,0.42521691539999984
Roberto Inglese,35,3,2.5767282149,0.08571428571428572,0.42327178509999985
Davide Zappacosta,15,1,0.5841393035,0.06666666666666667,0.4158606965
Achraf Lazaar,29,1,0.5850540001,0.034482758620689655,0.41494599990000003
Remo Freuler,5,1,0.6010902499999999,0.2,0.39890975000000006
Daniele De Rossi,11,1,0.604167551,0.09090909090909091,0.39583244900000003
Cristian Molinaro,13,1,0.6131734955,0.07692307692307693,0.3868265045
Mario Suárez Mata,7,1,0.616231646,0.14285714285714285,0.383768354
Gaetano Letizia,23,1,0.622272991,0.043478260869565216,0.377727009
Simone Missiroli,13,2,1.634248954,0.15384615384615385,0.36575104599999997
Juan Manuel Iturbe Arévalo,9,1,0.639712625,0.1111111111111111,0.36028737499999997
Lorenzo Pellegrini,24,3,2.6601836605,0.125,0.3398163395
Piotr Zieliński,64,5,4.6644505356,0.078125,0.33554946439999966
Diego Sebastián Laxalt Suárez,34,3,2.678014866,0.08823529411764706,0.3219851340000002
Ogenyi Eddy Onazi,12,1,0.683627693,0.08333333333333333,0.31637230699999996
Andrea Barzagli,4,1,0.687415627,0.25,0.31258437299999997
Raúl Albiol i Tortajada,9,1,0.691722005,0.1111111111111111,0.30827799499999997
Marco Benassi,47,3,2.7095739365,0.06382978723404255,0.2904260635
Luiz Adriano de Souza da Silva,26,4,3.716887222,0.15384615384615385,0.283112778
Aleksandar Trajkovski,39,3,2.7201598393,0.07692307692307693,0.27984016070000006
Antonio Floro Flores,59,4,3.7210794967,0.06779661016949153,0.2789205033000002
Mauro Matías Zárate,40,3,2.7214992077,0.075,0.2785007923
Luca Marrone,13,1,0.7238031699999999,0.07692307692307693,0.27619683000000006
Aljaž Struna,7,1,0.731786747,0.14285714285714285,0.268213253
Marten de Roon,20,1,0.750183182,0.05,0.249816818
Enzo Maresca,11,1,0.752429086,0.09090909090909091,0.24757091399999998
Marko Livaja,16,1,0.7541269815,0.0625,0.24587301849999998
Diego Perotti,40,4,3.7978515966,0.1,0.20214840339999984
Andrea Costa,7,1,0.7979628756,0.14285714285714285,0.2020371244
Cyril Théréau,76,11,10.8017128935,0.14473684210526316,0.19828710650000048
Matías Ariel Fernández Fernández,25,1,0.805102403,0.04,0.19489759699999998
Maicon Douglas Sisenando,11,1,0.80563088,0.09090909090909091,0.19436911999999995
Jonathan de Guzmán,2,1,0.8058544519999999,0.5,0.19414554800000006
Jérémy Ménez,6,2,1.80909155,0.3333333333333333,0.19090845
Andrea Conti,5,2,1.834380497,0.4,0.16561950300000006
Lorenzo Lollo,36,3,2.8591096385,0.08333333333333333,0.1408903614999999
Seydou Kéita,13,1,0.861072222,0.07692307692307693,0.138927778
M''Baye Babacar Niang,38,5,4.866929388,0.13157894736842105,0.13307061200000003
Filip Đorđević,20,3,2.8773296580000003,0.15,0.12267034199999971
Gianpaolo Bellini,6,1,0.8902191749999999,0.16666666666666666,0.10978082500000008
Jeison Fabián Murillo Cerón,21,2,1.8902552424,0.09523809523809523,0.10974475759999991
Ricardo Gabriel Álvarez,15,1,0.8963219425,0.06666666666666667,0.10367805750000003
Rade Krunić,7,1,0.906893088,0.14285714285714285,0.09310691199999999
Matías Vecino Falero,48,2,1.9187877258000001,0.041666666666666664,0.08121227419999988
Álvaro Borja Morata Martín,49,7,6.936826863,0.14285714285714285,0.06317313699999971
Perparim Hetemaj,26,1,0.9368787094,0.038461538461538464,0.06312129060000005
Riccardo Gagliolo,15,1,0.9384159977,0.06666666666666667,0.06158400230000005
Milan Badelj,27,1,0.954924435,0.037037037037037035,0.045075564999999984
Luca Paganini,26,2,1.969788413,0.07692307692307693,0.03021158699999993
Guglielmo Stendardo,6,1,0.971848255,0.16666666666666666,0.02815174499999995
Emiliano Moretti,13,1,0.977098753,0.07692307692307693,0.022901246999999958
Stefano Sturaro,11,1,0.977743864,0.09090909090909091,0.022256135999999982
Marcos Alonso Mendoza,56,3,2.9842651808,0.05357142857142857,0.015734819199999972
Anderson Hernanes de Carvalho Andrade,33,1,1.003453807,0.030303030303030304,-0.0034538070000000864
Marco Zambelli,1,0,0.005793931,0.0,-0.005793931
Alexander Merkel,1,0,0.0067852833,0.0,-0.0067852833
Angelo Palombo,1,0,0.0085331565,0.0,-0.0085331565
Emerson Palmieri dos Santos,4,1,1.011837311,0.25,-0.011837311000000073
Alessandro Longhi,1,0,0.016861618,0.0,-0.016861618
Luca Bittante,2,0,0.017295388000000002,0.0,-0.017295388000000002
Christian Maggio,1,0,0.019018253,0.0,-0.019018253
Oliver Kragl,31,1,1.0204015947,0.03225806451612903,-0.020401594700000025
Mirko Valdifiori,1,0,0.02269609,0.0,-0.02269609
Uroš Ćosić,1,0,0.025238749,0.0,-0.025238749
Davide Calabria,1,0,0.025615925,0.0,-0.025615925
Alexander Farnerud,2,0,0.025844471,0.0,-0.025844471
Vasyl Pryyma,1,0,0.02719706,0.0,-0.02719706
Pablo Estífer Armero,2,1,1.02908127,0.5,-0.029081270000000048
João Miranda de Souza Filho,10,1,1.0313557260000001,0.1,-0.03135572600000014
Issa Cissokho,1,0,0.032854717,0.0,-0.032854717
Edson Braafheid,2,0,0.0338553145,0.0,-0.0338553145
Federico Bonazzoli,1,0,0.034098692,0.0,-0.034098692
Kevin-Prince Boateng,6,1,1.038046396,0.16666666666666666,-0.03804639599999993
Thomas Heurtaux,2,0,0.038341088,0.0,-0.038341088
Nicolas Sebastian Frey,1,0,0.04001403,0.0,-0.04001403
Giuseppe Pezzella,2,0,0.040196142500000004,0.0,-0.040196142500000004
Filippo Porcari,2,0,0.041538645,0.0,-0.041538645
Pedro Miguel Almeida Lopes Pereira,2,0,0.042660514,0.0,-0.042660514
Patricio Gabarrón Gil,3,0,0.044024541,0.0,-0.044024541
Carlos Emilio Carmona Tello,1,0,0.04413486,0.0,-0.04413486
Lorenzo Crisetig,2,0,0.044151147,0.0,-0.044151147
Domenico Maietta,1,0,0.046085108,0.0,-0.046085108
Ivan Strinić,3,0,0.046118484,0.0,-0.046118484
Djamel Eddine Mesbah,2,0,0.046798316,0.0,-0.046798316
Davide Santon,3,0,0.0468271575,0.0,-0.0468271575
Assane Demoya Gnoukouri,2,0,0.04894023,0.0,-0.04894023
Adem Ljajić,39,3,3.0500474133,0.07692307692307693,-0.050047413300000176
Iván Rodrigo Piris Leguizamón,4,0,0.050829869,0.0,-0.050829869
Berat Djimsiti,1,0,0.051845174,0.0,-0.051845174
Maurizio Domizzi,1,0,0.054583576,0.0,-0.054583576
Thiago Rangel Cionek,1,0,0.056004245,0.0,-0.056004245
Assane Dioussé El Hadji,5,0,0.0697752319,0.0,-0.0697752319
Guilherme dos Santos Torres,6,0,0.076908506,0.0,-0.076908506
Ronaldo Pompeu da Silva,6,0,0.0837481944,0.0,-0.0837481944
Archimede Morleo,4,0,0.0846159353,0.0,-0.0846159353
Mattia Zaccagni,2,0,0.086049057,0.0,-0.086049057
Manuel Pasqual,5,0,0.088697018,0.0,-0.088697018
Lorenzo Ariaudo,2,0,0.09210086,0.0,-0.09210086
Fabio Daprelà,1,0,0.0928616,0.0,-0.0928616
Roberto Gagliardini,2,0,0.09529190600000001,0.0,-0.09529190600000001
Luca Martinelli,1,0,0.09724668,0.0,-0.09724668
Lucas Nahuel Castro,44,3,3.0976833395,0.06818181818181818,-0.09768333950000008
Niklas Moisander,2,0,0.098550015,0.0,-0.098550015
Kevin Strootman,2,0,0.10597384400000001,0.0,-0.10597384400000001
Salih Uçan,1,0,0.109493956,0.0,-0.109493956
Rodrigo Ely,2,0,0.109522343,0.0,-0.109522343
Mohamed Salim Fares,4,0,0.1115673583,0.0,-0.1115673583
Vassilis Torosidis,2,0,0.113280197,0.0,-0.113280197
Raffaele Maiello,5,0,0.117039355,0.0,-0.117039355
Nigel de Jong,4,0,0.1178919353,0.0,-0.1178919353
Robert Acquafresca,3,0,0.11928217599999999,0.0,-0.11928217599999999
Roberto Crivello,3,0,0.1199676717,0.0,-0.1199676717
Matteo Ciofani,4,0,0.121349362,0.0,-0.121349362
Wallace Oliveira dos Santos,5,0,0.1226516547,0.0,-0.1226516547
Nenad Krstičić,4,0,0.123796624,0.0,-0.123796624
Filippo Falco,4,0,0.124197117,0.0,-0.124197117
Michele Camporese,1,0,0.12833044,0.0,-0.12833044
Paolo Cannavaro,5,0,0.1290827068,0.0,-0.1290827068
Danilo Cataldi,29,1,1.129189293,0.034482758620689655,-0.12918929300000004
Giampiero Pinzi,3,0,0.129268734,0.0,-0.129268734
Federico Barba,3,0,0.13258672999999999,0.0,-0.13258672999999999
Andrea Masiello,4,0,0.136470596,0.0,-0.136470596
Nikola Maksimović,2,0,0.143812667,0.0,-0.143812667
Federico Mattiello,3,0,0.145378458,0.0,-0.145378458
Alessandro Gazzi,2,0,0.14692644,0.0,-0.14692644
Antonino La Gumina,3,0,0.14701006,0.0,-0.14701006
Francesco Lodi,25,1,1.147902641,0.04,-0.14790264099999995
José Martín Cáceres Silva,2,0,0.15261840100000001,0.0,-0.15261840100000001
Robin Quaison,20,1,1.1543138887,0.05,-0.15431388869999996
Juan Guilherme Nunes Jesus,4,0,0.154560433,0.0,-0.154560433
Giulio Migliaccio,3,0,0.156254856,0.0,-0.156254856
William Vainqueur,4,0,0.161178732,0.0,-0.161178732
Kingsley Coman,3,0,0.16280274099999997,0.0,-0.16280274099999997
Juan Camilo Zúñiga Mosquera,8,0,0.163981445,0.0,-0.163981445
Davide Brivio,9,0,0.164029074,0.0,-0.164029074
Jorge Luiz Frello Filho,6,0,0.164148715,0.0,-0.164148715
Andrea Poli,5,0,0.16672225000000002,0.0,-0.16672225000000002
Daniele Rugani,3,0,0.16685058960000002,0.0,-0.16685058960000002
Rey Manaj,2,0,0.16701221,0.0,-0.16701221
Gastón Alexis Silva Perdomo,7,0,0.170299043,0.0,-0.170299043
Roberto Vitiello,2,0,0.17324024,0.0,-0.17324024
Erick Antonio Pulgar Farfán,6,0,0.18273715000000001,0.0,-0.18273715000000001
Alessandro Piu,3,0,0.190685997,0.0,-0.190685997
Michel Morganella,5,0,0.190858904,0.0,-0.190858904
Bryan Cristante,2,0,0.198376524,0.0,-0.198376524
Antonio Di Gaudio,36,3,3.19926777,0.08333333333333333,-0.19926777000000007
Giovanni Marchese,4,0,0.200439508,0.0,-0.200439508
Massimiliano Carlini,4,0,0.20091495199999998,0.0,-0.20091495199999998
Łukasz Skorupski,1,0,0.2111073,0.0,-0.2111073
Yuto Nagatomo,7,0,0.214311938,0.0,-0.214311938
Emanuele Suagher,3,0,0.221098116,0.0,-0.221098116
Nicolás Federico Spolli,3,0,0.224655057,0.0,-0.224655057
Ştefan Daniel Radu,7,0,0.22661118600000002,0.0,-0.22661118600000002
David López Silva,10,1,1.227989862,0.1,-0.22798986200000004
Marcello Gazzola,2,0,0.23196197000000002,0.0,-0.23196197000000002
Daniele Gastaldello,8,1,1.237240769,0.125,-0.23724076900000002
Franco Damián Vázquez,106,8,8.242883644499999,0.07547169811320754,-0.2428836444999991
Ante Rebić,17,1,1.246433034,0.058823529411764705,-0.24643303400000005
Matteo Bianchetti,7,1,1.2519277819999999,0.14285714285714285,-0.2519277819999999
Ibrahima Mbaye,5,0,0.256898778,0.0,-0.256898778
Mattia De Sciglio,13,0,0.2600337346,0.0,-0.2600337346
Mattia Cassani,3,0,0.260817902,0.0,-0.260817902
Norbert Sándor Balogh,2,0,0.261789635,0.0,-0.261789635
Danilo Fernando Avelar,4,0,0.270619467,0.0,-0.270619467
Alessandro Gamberini,4,0,0.277560567,0.0,-0.277560567
Boško Janković,15,1,1.2860782337,0.06666666666666667,-0.2860782337000001
Elseid Hysaj,12,0,0.296936402,0.0,-0.296936402
Matías Agustín Silvestre,4,0,0.303580468,0.0,-0.303580468
Gilberto Moraes Junior,7,0,0.3057178625,0.0,-0.3057178625
Jonathan Ludovic Biabiany,20,1,1.311058046,0.05,-0.3110580460000001
Alessio Romagnoli,6,0,0.321310017,0.0,-0.321310017
Marco Crimi,8,0,0.3400877855,0.0,-0.3400877855
Bruno Miguel Borges Fernandes,53,3,3.3472867891,0.05660377358490566,-0.3472867891
Yussif Raman Chibsah,11,0,0.348394738,0.0,-0.348394738
Luca Siligardi,46,2,2.3494740366,0.043478260869565216,-0.3494740366000002
Kamil Wilczek,5,0,0.35254343,0.0,-0.35254343
Alex Nicolao Telles,13,0,0.35262336,0.0,-0.35262336
José Mauri,7,0,0.36213365,0.0,-0.36213365
Luca Rigoni,35,4,4.367585039,0.11428571428571428,-0.3675850389999997
Raffaele Bianco,19,1,1.370975674,0.05263157894736842,-0.3709756740000001
Rafael Márquez Álvarez,5,0,0.378667207,0.0,-0.378667207
Giorgio Chiellini,15,1,1.380966848,0.06666666666666667,-0.3809668479999999
Robert Gucher,21,0,0.3840025169,0.0,-0.3840025169
Cristian Zaccardo,18,1,1.3940696049999999,0.05555555555555555,-0.3940696049999999
Cristian Raimondi,6,0,0.395369981,0.0,-0.395369981
Faouzi Ghoulam,22,0,0.39586164360000003,0.0,-0.39586164360000003
Ivan Radovanović,18,0,0.39616906009999997,0.0,-0.39616906009999997
Karim Laribi,10,0,0.408505293,0.0,-0.408505293
Danilo Soddimo,43,1,1.4153963931,0.023255813953488372,-0.4153963931
Cristian Daniel Ansaldi,13,0,0.41854997089999996,0.0,-0.41854997089999996
Marco Antônio De Mattos Filho,9,0,0.427346706,0.0,-0.427346706
Samuel Souprayen,7,0,0.428053018,0.0,-0.428053018
Daniel Pavlovic,12,0,0.4366141234,0.0,-0.4366141234
Mirko Gori,23,0,0.4461150453,0.0,-0.4461150453
Marios Oikonomou,5,0,0.44726247500000005,0.0,-0.44726247500000005
Alessio Cerci,39,4,4.4486840626,0.10256410256410256,-0.44868406259999993
Nenad Tomović,7,0,0.45187831850000004,0.0,-0.45187831850000004
José Rodolfo Pires Ribeiro,11,0,0.454834645,0.0,-0.454834645
Massimo Gobbi,14,0,0.463776872,0.0,-0.463776872
Fabrizio Cacciatore,10,1,1.4764719020000001,0.1,-0.4764719020000001
Alessandro Diamanti,24,1,1.4892472099,0.041666666666666664,-0.48924720990000004
Abdoulay Konko,13,0,0.4898335138,0.0,-0.4898335138
Daniele Verde,10,0,0.49977541140000004,0.0,-0.49977541140000004
Amadou Diawara,20,0,0.5011500560000001,0.0,-0.5011500560000001
Andrea Lazzari,10,1,1.5023043305,0.1,-0.5023043304999999
Emmanuel Agyemang-Badu,41,4,4.502747493999999,0.0975609756097561,-0.5027474939999994
Nicolás Ignacio Castillo Mora,10,0,0.5044385512,0.0,-0.5044385512
Sebastian De Maio,14,1,1.506383424,0.07142857142857142,-0.506383424
Ezequiel Muñoz,8,0,0.516911094,0.0,-0.516911094
Federico Peluso,19,1,1.535813629,0.05263157894736842,-0.535813629
Antonio Cassano,18,2,2.539242795,0.1111111111111111,-0.5392427949999998
Šime Vrsaljko,9,0,0.539269016,0.0,-0.539269016
Fredy Alejandro Guarín Vásquez,29,1,1.5420574148,0.034482758620689655,-0.5420574147999999
Jasmin Kurtič,41,2,2.5442517147,0.04878048780487805,-0.5442517147000001
Modibo Diakité,8,1,1.545764913,0.125,-0.545764913
Andrea Rispoli,12,0,0.5604570035,0.0,-0.5604570035
Siniša Anđelković,3,0,0.566912607,0.0,-0.566912607
Jacopo Sala,11,0,0.571122575,0.0,-0.571122575
Alberto Facundo Costa,19,0,0.5768118412,0.0,-0.5768118412
Dušan Basta,11,0,0.577206328,0.0,-0.577206328
Davide Biondini,7,0,0.58576293,0.0,-0.58576293
Gastón Brugman,16,0,0.60304088,0.0,-0.60304088
Raphael Martinho Alves de Lima,10,0,0.615634742,0.0,-0.615634742
Matteo Fedele,11,0,0.6157143386,0.0,-0.6157143386
Manuel Rolando Iturra Urrutia,4,0,0.6321217189999999,0.0,-0.6321217189999999
Simone Romagnoli,11,0,0.640006444,0.0,-0.640006444
Urby Emanuelson,14,0,0.645536015,0.0,-0.645536015
Felipe Dias da Silva dal Belo,11,1,1.653977238,0.09090909090909091,-0.653977238
Panagiotis Giorgios Kone,11,0,0.662036783,0.0,-0.662036783
Roberto Maximiliano Pereyra,10,0,0.665278833,0.0,-0.665278833
Felipe Melo de Carvalho,23,1,1.6667870435,0.043478260869565216,-0.6667870435000001
Vasco Regini,8,0,0.6704633289999999,0.0,-0.6704633289999999
Alex Ferrari,8,0,0.6899823209999999,0.0,-0.6899823209999999
Carlos Mario Carbonero Mancilla,6,0,0.692881453,0.0,-0.692881453
Wesley Hoedt,12,0,0.6952238574,0.0,-0.6952238574
Manuel Pucciarelli,58,6,6.703807446,0.10344827586206896,-0.7038074459999999
Zdravko Kuzmanović,8,0,0.708043461,0.0,-0.708043461
Ciro Immobile,37,5,5.714245088,0.13513513513513514,-0.7142450880000002
Marcello Trotta,12,1,1.715298766,0.08333333333333333,-0.7152987660000001
Claudio Marchisio,26,0,0.718096953,0.0,-0.718096953
Andrea Bertolacci,18,1,1.720157875,0.05555555555555555,-0.720157875
Rômulo Souza Orestes Caldeira,11,0,0.722337566,0.0,-0.722337566
Aleandro Rosi,15,0,0.7323875056,0.0,-0.7323875056
Diego Falcinelli,25,2,2.7331859929999998,0.08,-0.7331859929999998
Omar El Kaddouri,11,1,1.743565923,0.09090909090909091,-0.743565923
Nicolás Andrés Burdisso,10,0,0.7438986394,0.0,-0.7438986394
Cristian Tello Herrera,22,2,2.744846362,0.09090909090909091,-0.7448463620000001
Kalidou Koulibaly,5,0,0.749658036,0.0,-0.749658036
Gabriel Moisés Antunes da Silva,13,0,0.755911561,0.0,-0.755911561
Marek Hamšík,84,6,6.7590554527,0.07142857142857142,-0.7590554527000002
Joseph Alfred Duncan,39,1,1.7601477098,0.02564102564102564,-0.7601477098
Santiago Juan Gentiletti Selak,10,0,0.767020993,0.0,-0.767020993
Tim Matavž,10,0,0.773373599,0.0,-0.773373599
Samuele Longo,11,0,0.7754883880000001,0.0,-0.7754883880000001
Geoffrey Kondogbia,38,1,1.778864656,0.02631578947368421,-0.7788646560000001
Emil Hallfreðsson,19,0,0.77953674,0.0,-0.77953674
Germán Gustavo Denis,25,4,4.779569213,0.16,-0.7795692130000003
Maurício dos Santos Nascimento,10,0,0.8004823366,0.0,-0.8004823366
Edenílson Andrade dos Santos,12,0,0.80415409,0.0,-0.80415409
Mário Rui Silva Duarte,29,0,0.8186033849000001,0.0,-0.8186033849000001
Levan Mchedlidze,11,0,0.8416996107,0.0,-0.8416996107
Boukary Dramé,18,0,0.844631063,0.0,-0.844631063
Igor Bubnjić,9,0,0.8490884910000001,0.0,-0.8490884910000001
Ivan Perišić,71,7,7.8498860175,0.09859154929577464,-0.8498860175000003
Boštjan Cesar,15,1,1.893087036,0.06666666666666667,-0.8930870360000001
Danilo Larangeira,14,0,0.899870322,0.0,-0.899870322
Jules Olivier Ntcham,23,0,0.910606779,0.0,-0.910606779
Molla Wagué,11,0,0.915064997,0.0,-0.915064997
Daniele Croce,12,0,0.91743848,0.0,-0.91743848
Armando Izzo,15,0,0.9256097346000001,0.0,-0.9256097346000001
Paul-José M''Poku Ebunge,18,0,0.9258841299,0.0,-0.9258841299
Carlos Joaquín Correa,35,3,3.9329493802999997,0.08571428571428572,-0.9329493802999997
Riccardo Montolivo,30,0,0.937781131,0.0,-0.937781131
Federico Bernardeschi,54,2,2.9398857205,0.037037037037037035,-0.9398857205
Gaetano Monachello,15,0,0.940014942,0.0,-0.940014942
Édgar Osvaldo Barreto Cáceres,18,0,0.942801496,0.0,-0.942801496
Sergej Milinković-Savić,36,1,1.966401622,0.027777777777777776,-0.966401622
Aleksandar Tonev,32,0,0.97437269,0.0,-0.97437269
Andrea Ranocchia,9,0,0.978446637,0.0,-0.978446637
Kwadwo Asamoah,10,0,0.9807783800000001,0.0,-0.9807783800000001
Alberto Grassi,16,0,0.9961642049,0.0,-0.9961642049
Lorenzo De Silvestri,12,1,2.040670787,0.08333333333333333,-1.0406707869999998
Matteo Mancosu,12,2,3.078098616,0.16666666666666666,-1.0780986160000001
Giuseppe Rossi,16,0,1.108818696,0.0,-1.108818696
Isaac Cofie,24,0,1.1128118126,0.0,-1.1128118126
Diego Ángel Capel Trinidad,14,0,1.124593604,0.0,-1.124593604
Mato Jajalo,20,0,1.167542982,0.0,-1.167542982
José María Callejón Bueno,64,7,8.1895317694,0.109375,-1.1895317694000003
Mattia Destro,67,8,9.210286369,0.11940298507462686,-1.2102863690000003
Andrea Belotti,73,12,13.219333724,0.1643835616438356,-1.2193337240000002
Stephan Lichtsteiner,16,0,1.224545708,0.0,-1.224545708
Keita Baldé Diao,63,4,5.2618482496,0.06349206349206349,-1.2618482495999999
Paweł Wszołek,12,0,1.271360764,0.0,-1.271360764
Rodrigo Sebastián Palacio,17,2,3.2762384185,0.11764705882352941,-1.2762384185000002
Davide Astori,14,0,1.2924409044,0.0,-1.2924409044
Rodrigo Sebastián Aguirre Soto,9,0,1.3130519115000001,0.0,-1.3130519115000001
Luca Rizzo,18,0,1.349731789,0.0,-1.349731789
Maximiliano Gastón López,26,4,5.3677922105,0.15384615384615385,-1.3677922105000002
Paul Pogba,124,8,9.3866761233,0.06451612903225806,-1.3866761232999991
Antonio Candreva,90,10,11.4448927553,0.1111111111111111,-1.4448927552999997
Alberto Paloschi,41,8,9.464600239,0.1951219512195122,-1.4646002389999992
Darko Lazović,17,0,1.4647374094999999,0.0,-1.4647374094999999
Luca Cigarini,43,2,3.4657299494,0.046511627906976744,-1.4657299494
Saphir Sliti Taïder,33,0,1.4721834724,0.0,-1.4721834724
Giacomo Bonaventura,106,6,7.6359890034,0.05660377358490566,-1.6359890033999998
Kamil Glik,20,0,1.6585549544,0.0,-1.6585549544
Juan Ignacio Gómez Taleb,36,1,2.712633401,0.027777777777777776,-1.7126334010000002
Stevan Jovetić,70,6,7.7476297889,0.08571428571428572,-1.7476297889000003
Matteo Brighi,24,0,1.774926832,0.0,-1.774926832
Riccardo Saponara,73,5,6.8801518299,0.0684931506849315,-1.8801518299
Josef Alexander Martínez Mencia,35,3,4.977208778,0.08571428571428572,-1.9772087779999996
Ivaylo Chochev,29,0,2.000277676,0.0,-2.000277676
Fabio Quagliarella,101,8,10.000567087,0.07920792079207921,-2.0005670870000003
Domenico Berardi,88,7,9.0989050553,0.07954545454545454,-2.0989050552999995
Marco Parolo,56,3,5.1090486937,0.05357142857142857,-2.1090486937
Silvan Widmer,23,0,2.200888622,0.0,-2.200888622
Keisuke Honda,48,1,3.2060453563999998,0.020833333333333332,-2.2060453563999998
Mario Barwuah Balotelli,43,1,3.5327798654,0.023255813953488372,-2.5327798654
Goran Pandev,17,0,2.684599533,0.0,-2.684599533
Antonio Di Natale,33,2,4.6954843440000005,0.06060606060606061,-2.6954843440000005
Juraj Kucka,51,1,3.710268236,0.0196078431372549,-2.710268236
Ryder Matos Santos,34,2,4.995975148,0.058823529411764705,-2.9959751480000003
Nikola Kalinić,74,12,15.112372993,0.16216216216216217,-3.1123729929999993
Maximiliano Nicol Moralez,26,1,4.209653791,0.038461538461538464,-3.209653791
Jerry Uche Mbakogu,35,2,5.648232384,0.05714285714285714,-3.648232384
Giampaolo Pazzini,79,6,9.782981545,0.0759493670886076,-3.782981545
Luca Toni,62,6,10.589476538,0.0967741935483871,-4.5894765379999996
Edin Džeko,88,8,13.468433918,0.09090909090909091,-5.468433918000001
